BMI_Feasible_Index,Random_Trial_Index,LMI_Feasible,Feasible_Rho1,Feasible_Rho2
1,1,1,5,0.2
2,21,1,0.5,0.05
3,23,0,NaN,NaN
4,36,1,0.5,0.05
5,45,0,NaN,NaN
6,82,1,0.5,0.05
7,96,1,1,0.2
8,107,1,0.5,0.01
9,120,0,NaN,NaN
10,178,1,3,0.1
11,180,1,0.5,0.1
12,192,0,NaN,NaN
13,226,1,0.5,0.2
14,256,1,1,0.1
15,257,0,NaN,NaN
16,290,1,0.5,0.01
17,295,1,0.5,0.1
18,333,1,1,0.1
19,336,1,3,0.2
20,339,1,0.5,0.05
21,373,0,NaN,NaN
22,389,1,1,0.2
23,390,1,0.5,0.1
24,391,1,0.5,0.2
25,414,0,NaN,NaN
26,425,1,0.5,0.01
27,440,1,0.5,0.2
28,470,0,NaN,NaN
29,479,1,1,0.2
30,482,1,3,0.1
31,526,1,0.5,0.2
32,531,0,NaN,NaN
33,554,1,1,1
34,570,1,0.5,0.05
35,588,1,0.5,0.05
36,608,1,0.5,0.1
37,644,0,NaN,NaN
38,656,1,5,0.5
39,688,1,0.5,0.5
40,698,1,5,1
41,716,1,3,0.01
42,721,1,0.5,0.05
43,733,1,0.5,0.5
44,760,1,0.5,0.01
45,781,1,0.5,0.05
46,867,1,8.5,0.1
47,873,1,0.5,0.1
48,879,0,NaN,NaN
49,953,1,0.5,0.05
50,996,1,3,0.5
51,1068,1,0.5,0.05
52,1111,1,0.5,0.01
53,1144,1,0.5,0.2
54,1146,1,0.5,0.05
55,1153,1,3,0.05
56,1156,1,1,0.2
57,1160,0,NaN,NaN
58,1167,1,3,0.2
59,1206,1,3,0.2
60,1307,1,10,0.5
61,1327,1,0.5,0.05
62,1354,0,NaN,NaN
63,1421,1,0.5,0.05
64,1441,1,0.5,0.05
65,1459,1,5,1
66,1465,1,0.5,0.1
67,1493,1,3,0.1
68,1512,1,3,0.1
69,1514,1,1,0.2
70,1530,1,0.5,0.2
71,1553,1,1,0.5
72,1554,0,NaN,NaN
73,1584,1,0.5,0.05
74,1588,0,NaN,NaN
75,1617,0,NaN,NaN
76,1755,0,NaN,NaN
77,1798,1,0.5,0.2
78,1829,1,0.5,0.05
79,1843,0,NaN,NaN
80,1848,1,0.5,1
81,1866,1,3,0.2
82,1875,1,1,0.5
83,1878,1,1,0.1
84,1895,1,3,0.5
85,1896,0,NaN,NaN
86,1908,1,0.5,0.5
87,1919,1,1,0.1
88,1934,0,NaN,NaN
89,1952,1,0.5,0.1
90,1976,1,0.5,0.05
91,1998,0,NaN,NaN
92,2013,1,1,0.2
93,2025,1,0.5,0.5
94,2039,1,3,0.2
95,2081,1,0.5,0.2
96,2102,0,NaN,NaN
97,2111,1,0.5,0.2
98,2147,1,3,0.05
99,2159,1,0.5,0.2
100,2165,1,3,0.5
101,2197,0,NaN,NaN
102,2199,1,8.5,0.5
103,2238,1,3,0.05
104,2245,1,3,0.5
105,2253,0,NaN,NaN
106,2254,1,0.5,0.05
107,2257,0,NaN,NaN
108,2262,0,NaN,NaN
109,2266,1,3,0.2
110,2267,1,1,0.5
111,2288,0,NaN,NaN
112,2297,1,0.5,0.1
113,2299,1,0.5,0.1
114,2302,0,NaN,NaN
115,2320,1,0.5,0.1
116,2323,0,NaN,NaN
117,2329,1,1,2
118,2383,1,3,0.2
119,2426,1,3,0.1
120,2428,1,0.5,0.2
121,2449,1,1,0.1
122,2464,1,0.5,0.1
123,2469,0,NaN,NaN
124,2505,0,NaN,NaN
125,2508,0,NaN,NaN
126,2548,1,1,0.05
127,2567,1,0.5,0.01
128,2581,0,NaN,NaN
129,2592,1,0.5,0.1
130,2622,1,1,0.1
131,2623,1,3,0.05
132,2670,1,3,0.1
133,2698,1,1,0.1
134,2708,1,0.5,0.1
135,2718,1,0.5,0.1
136,2792,1,0.5,0.5
137,2798,0,NaN,NaN
138,2801,0,NaN,NaN
139,2835,1,0.5,0.05
140,2838,1,0.5,0.1
141,2849,1,0.5,0.2
142,2962,1,0.5,0.05
143,2990,1,0.5,0.1
144,2996,1,0.5,0.05
145,3012,1,100,1
146,3020,1,1,0.05
147,3057,0,NaN,NaN
148,3098,1,0.5,0.05
149,3120,1,1,0.2
150,3133,1,0.5,0.1
151,3136,0,NaN,NaN
152,3148,1,0.5,0.1
153,3154,1,8.5,0.5
154,3173,1,5,0.5
155,3198,1,0.5,2
156,3210,1,0.5,0.1
157,3219,0,NaN,NaN
158,3287,1,1,0.5
159,3299,1,0.5,0.1
160,3323,1,5,0.1
161,3337,0,NaN,NaN
162,3339,1,8.5,2
163,3345,1,1,0.2
164,3394,1,0.5,0.2
165,3396,1,0.5,0.1
166,3421,1,0.5,0.05
167,3425,0,NaN,NaN
168,3430,1,0.5,0.2
169,3439,1,0.5,0.1
170,3482,0,NaN,NaN
171,3484,0,NaN,NaN
172,3513,1,0.5,0.2
173,3558,1,0.5,0.2
174,3600,1,0.5,0.2
175,3610,0,NaN,NaN
176,3630,1,0.5,0.1
177,3649,0,NaN,NaN
178,3654,0,NaN,NaN
179,3660,0,NaN,NaN
180,3670,0,NaN,NaN
181,3674,0,NaN,NaN
182,3688,1,0.5,0.1
183,3696,1,8.5,1
184,3753,0,NaN,NaN
185,3780,1,0.5,0.05
186,3793,1,0.5,0.1
187,3818,1,0.5,0.2
188,3840,1,0.5,0.1
189,3866,1,1,0.1
190,3910,1,0.5,0.5
191,3970,1,0.5,0.2
192,3979,1,0.5,0.5
193,4011,1,3,0.05
194,4014,1,0.5,0.01
195,4017,0,NaN,NaN
196,4028,1,3,0.5
197,4092,1,0.5,0.05
198,4114,1,200,1
199,4120,1,0.5,0.05
200,4133,1,0.5,0.05
201,4143,1,0.5,0.05
202,4163,1,0.5,0.1
203,4166,0,NaN,NaN
204,4189,1,0.5,0.2
205,4196,1,0.5,0.5
206,4253,1,0.5,0.1
207,4259,1,0.5,0.05
208,4388,1,0.5,0.2
209,4389,0,NaN,NaN
210,4397,1,0.5,0.05
211,4411,1,1,0.1
212,4494,1,50,1
213,4564,1,0.5,0.1
214,4584,1,0.5,0.1
215,4598,1,0.5,0.1
216,4647,1,0.5,0.1
217,4678,1,0.5,0.05
218,4709,1,0.5,0.05
219,4715,1,0.5,0.05
220,4753,0,NaN,NaN
221,4756,1,0.5,2
222,4803,1,5,0.2
223,4837,1,1,0.2
224,4840,1,0.5,0.1
225,4844,1,1,0.1
226,4950,0,NaN,NaN
227,4960,1,3,0.05
228,4978,1,0.5,0.1
229,4982,1,3,0.5
230,4992,1,0.5,1
231,4996,1,0.5,0.1
232,5028,1,0.5,0.5
233,5085,0,NaN,NaN
234,5093,0,NaN,NaN
235,5106,0,NaN,NaN
236,5111,1,0.5,0.1
237,5116,1,3,0.05
238,5127,1,0.5,0.1
239,5143,1,0.5,0.05
240,5183,0,NaN,NaN
241,5190,1,0.5,0.2
242,5193,1,0.5,0.5
243,5220,1,50,0.1
244,5231,0,NaN,NaN
245,5233,1,0.5,0.1
246,5236,0,NaN,NaN
247,5259,0,NaN,NaN
248,5260,1,0.5,0.1
249,5281,1,3,0.2
250,5328,1,0.5,0.2
251,5361,1,0.5,0.05
252,5363,1,1,0.2
253,5426,1,3,1
254,5481,1,0.5,0.1
255,5486,0,NaN,NaN
256,5501,1,1,0.05
257,5510,0,NaN,NaN
258,5570,1,3,0.1
259,5582,1,1,0.1
260,5585,1,0.5,1
261,5634,1,8.5,2
262,5642,1,1,2
263,5662,1,5,0.5
264,5670,1,0.5,0.1
265,5694,1,0.5,0.2
266,5711,1,1,0.1
267,5763,1,0.5,0.05
268,5829,0,NaN,NaN
269,5836,0,NaN,NaN
270,5844,1,0.5,0.2
271,5850,1,1,0.05
272,5869,1,0.5,0.01
273,5899,0,NaN,NaN
274,5907,1,3,0.1
275,5949,1,1,0.2
276,5954,1,0.5,0.2
277,6015,1,3,0.2
278,6031,1,0.5,0.05
279,6034,1,0.5,0.2
280,6056,1,8.5,0.1
281,6081,1,0.5,0.01
282,6093,0,NaN,NaN
283,6097,1,3,0.05
284,6122,1,3,0.2
285,6127,1,1,0.5
286,6134,1,0.5,2
287,6168,1,0.5,0.01
288,6176,1,0.5,0.2
289,6183,1,0.5,0.2
290,6189,1,0.5,0.05
291,6225,0,NaN,NaN
292,6239,1,20,0.2
293,6243,1,5,0.5
294,6254,1,0.5,0.1
295,6286,1,0.5,0.01
296,6291,1,0.5,0.5
297,6295,1,0.5,0.5
298,6342,0,NaN,NaN
299,6346,1,1,0.2
300,6349,1,3,0.1
301,6365,0,NaN,NaN
302,6366,0,NaN,NaN
303,6382,1,0.5,0.1
304,6383,1,0.5,0.1
305,6390,1,0.5,0.05
306,6403,1,1,0.2
307,6414,1,0.5,0.05
308,6460,1,1,0.2
309,6472,0,NaN,NaN
310,6479,1,20,0.05
311,6492,1,10,2
312,6514,0,NaN,NaN
313,6536,0,NaN,NaN
314,6553,1,3,0.2
315,6582,0,NaN,NaN
316,6625,1,0.5,0.05
317,6659,1,3,0.05
318,6715,0,NaN,NaN
319,6721,1,0.5,0.5
320,6787,1,0.5,0.05
321,6811,0,NaN,NaN
322,6825,0,NaN,NaN
323,6826,1,3,0.5
324,6836,1,3,1
325,6868,1,0.5,0.5
326,6882,1,0.5,0.5
327,6899,0,NaN,NaN
328,6929,0,NaN,NaN
329,6947,1,3,0.2
330,6966,1,0.5,0.2
331,6967,1,1,1
332,6968,0,NaN,NaN
333,7000,1,0.5,0.2
334,7040,0,NaN,NaN
335,7043,1,1,0.2
336,7048,1,0.5,0.5
337,7095,1,3,0.2
338,7096,1,0.5,0.05
339,7097,1,0.5,0.2
340,7129,1,3,1
341,7132,1,3,0.5
342,7192,1,0.5,0.1
343,7198,1,1,0.5
344,7225,1,0.5,0.2
345,7289,0,NaN,NaN
346,7303,1,0.5,0.01
347,7310,1,0.5,0.1
348,7311,1,1,0.2
349,7316,1,8.5,0.2
350,7380,1,0.5,0.05
351,7401,1,0.5,2
352,7413,1,0.5,0.2
353,7466,0,NaN,NaN
354,7481,1,0.5,0.2
355,7507,1,0.5,0.5
356,7522,1,1,0.5
357,7587,0,NaN,NaN
358,7589,1,1,0.1
359,7621,0,NaN,NaN
360,7630,0,NaN,NaN
361,7643,1,3,0.5
362,7675,1,1,0.5
363,7715,1,0.5,0.5
364,7836,1,1,1
365,7854,1,0.5,0.01
366,7868,1,0.5,0.1
367,7869,1,3,0.1
368,7886,1,1,0.05
369,7906,0,NaN,NaN
370,7928,1,1,0.1
371,7946,1,0.5,0.2
372,7964,0,NaN,NaN
373,7965,1,0.5,0.2
374,7973,1,3,0.2
375,7995,1,3,0.5
376,8011,1,0.5,0.05
377,8028,1,1,0.2
378,8039,1,3,0.05
379,8043,1,50,2
380,8069,1,0.5,0.01
381,8070,1,0.5,0.05
382,8106,1,1,0.01
383,8120,0,NaN,NaN
384,8148,0,NaN,NaN
385,8159,1,0.5,0.1
386,8176,1,0.5,0.2
387,8198,1,1,0.2
388,8207,0,NaN,NaN
389,8208,1,1,0.5
390,8215,1,0.5,0.05
391,8217,0,NaN,NaN
392,8232,0,NaN,NaN
393,8238,1,0.5,0.5
394,8270,0,NaN,NaN
395,8277,1,1,0.5
396,8285,1,0.5,0.05
397,8306,1,0.5,0.1
398,8318,1,0.5,0.05
399,8352,0,NaN,NaN
400,8354,1,0.5,0.1
401,8395,1,0.5,0.05
402,8398,1,0.5,0.5
403,8404,1,20,0.2
404,8438,1,0.5,0.2
405,8441,1,3,0.05
406,8446,1,0.5,0.05
407,8482,1,0.5,1
408,8503,1,1,0.2
409,8521,1,0.5,0.1
410,8543,1,1,0.05
411,8622,0,NaN,NaN
412,8652,1,0.5,0.1
413,8688,1,0.5,0.5
414,8701,1,0.5,0.05
415,8729,1,8.5,2
416,8756,1,3,0.1
417,8771,1,3,0.1
418,8822,1,10,1
419,8839,0,NaN,NaN
420,8856,1,8.5,1
421,8908,1,1,0.05
422,8911,1,0.5,0.05
423,8939,1,0.5,0.2
424,8946,1,0.5,0.1
425,8956,0,NaN,NaN
426,9046,1,8.5,2
427,9053,1,0.5,0.5
428,9054,1,1,0.1
429,9059,1,20,0.5
430,9066,1,0.5,0.1
431,9074,0,NaN,NaN
432,9082,0,NaN,NaN
433,9083,0,NaN,NaN
434,9085,1,0.5,0.2
435,9120,1,0.5,0.05
436,9131,0,NaN,NaN
437,9151,1,100,1
438,9152,1,3,0.2
439,9155,1,3,1
440,9199,1,1,0.5
441,9241,0,NaN,NaN
442,9248,1,0.5,0.2
443,9268,1,8.5,0.5
444,9284,0,NaN,NaN
445,9319,0,NaN,NaN
446,9322,0,NaN,NaN
447,9340,1,0.5,0.2
448,9351,1,0.5,0.2
449,9432,1,0.5,0.5
450,9494,0,NaN,NaN
451,9513,1,8.5,0.5
452,9514,0,NaN,NaN
453,9553,1,0.5,0.01
454,9604,0,NaN,NaN
455,9680,0,NaN,NaN
456,9685,0,NaN,NaN
457,9703,1,1,0.2
458,9727,1,0.5,0.1
459,9852,1,1,0.5
460,9923,0,NaN,NaN
461,9927,1,20,0.1
462,9961,0,NaN,NaN
463,9983,0,NaN,NaN
464,9986,1,8.5,0.05
465,10003,1,5,0.2
466,10099,1,0.5,0.05
467,10126,1,0.5,0.05
468,10152,1,0.5,0.05
469,10165,1,3,0.05
470,10179,1,0.5,0.1
471,10210,0,NaN,NaN
472,10228,1,3,0.1
473,10263,1,0.5,0.05
474,10270,1,0.5,0.05
475,10279,0,NaN,NaN
476,10297,1,0.5,0.5
477,10309,1,0.5,0.01
478,10374,1,1,0.05
479,10381,1,0.5,0.1
480,10398,1,3,0.05
481,10399,1,0.5,0.2
482,10413,0,NaN,NaN
483,10434,1,1,0.2
484,10453,1,0.5,0.5
485,10463,1,0.5,0.1
486,10488,0,NaN,NaN
487,10513,1,0.5,0.05
488,10522,1,0.5,0.5
489,10533,0,NaN,NaN
490,10555,0,NaN,NaN
491,10608,1,3,0.2
492,10624,1,0.5,0.01
493,10648,1,0.5,0.5
494,10655,1,3,0.5
495,10677,1,20,2
496,10682,1,0.5,0.2
497,10694,1,0.5,0.05
498,10706,1,8.5,0.5
499,10707,0,NaN,NaN
500,10712,0,NaN,NaN
501,10735,1,0.5,0.5
502,10757,1,8.5,0.2
503,10768,1,1,0.1
504,10769,1,0.5,0.2
505,10786,1,0.5,0.1
506,10806,1,0.5,0.1
507,10813,1,20,0.5
508,10874,1,0.5,0.2
509,10903,1,1,0.1
510,10922,0,NaN,NaN
511,10939,0,NaN,NaN
512,10956,1,0.5,0.05
513,10967,1,1,0.05
514,10972,1,0.5,0.2
515,10980,1,3,0.5
516,10989,1,0.5,0.05
517,11005,0,NaN,NaN
518,11009,0,NaN,NaN
519,11021,1,0.5,0.1
520,11041,0,NaN,NaN
521,11042,0,NaN,NaN
522,11087,1,3,2
523,11094,0,NaN,NaN
524,11110,1,0.5,0.5
525,11115,1,3,0.05
526,11141,1,5,1
527,11145,1,0.5,0.1
528,11173,1,0.5,0.5
529,11179,1,0.5,0.2
530,11186,1,0.5,0.1
531,11279,0,NaN,NaN
532,11334,0,NaN,NaN
533,11339,1,0.5,0.1
534,11352,1,3,0.5
535,11356,1,8.5,0.1
536,11362,1,1,0.2
537,11378,0,NaN,NaN
538,11391,1,50,1
539,11396,1,1,0.5
540,11399,1,0.5,0.1
541,11400,1,0.5,0.05
542,11434,1,3,1
543,11447,1,0.5,0.2
544,11463,1,0.5,0.2
545,11475,0,NaN,NaN
546,11476,1,1,0.1
547,11532,1,0.5,0.05
548,11565,1,0.5,0.05
549,11648,1,3,0.2
550,11660,1,0.5,0.1
551,11672,0,NaN,NaN
552,11734,0,NaN,NaN
553,11735,1,0.5,0.1
554,11747,1,0.5,0.01
555,11778,1,3,0.1
556,11875,0,NaN,NaN
557,11906,1,0.5,0.2
558,11943,1,0.5,0.2
559,11951,1,20,1
560,12022,1,3,0.1
561,12026,0,NaN,NaN
562,12057,1,0.5,0.1
563,12087,1,5,0.2
564,12090,1,0.5,0.1
565,12158,1,0.5,0.1
566,12166,1,5,0.5
567,12173,1,0.5,0.05
568,12174,1,0.5,0.05
569,12210,1,1,0.2
570,12211,1,0.5,0.01
571,12256,1,0.5,0.2
572,12260,1,0.5,0.1
573,12268,1,0.5,0.01
574,12275,1,0.5,0.1
575,12322,1,0.5,0.1
576,12337,1,0.5,0.1
577,12349,1,0.5,0.1
578,12377,0,NaN,NaN
579,12391,1,0.5,0.1
580,12419,0,NaN,NaN
581,12440,1,3,0.1
582,12455,1,3,2
583,12469,1,0.5,0.05
584,12507,1,0.5,0.1
585,12515,0,NaN,NaN
586,12562,1,0.5,0.05
587,12570,1,0.5,0.05
588,12611,1,5,0.2
589,12623,0,NaN,NaN
590,12647,1,0.5,0.05
591,12663,1,0.5,0.1
592,12696,1,0.5,0.1
593,12705,1,1,0.05
594,12710,1,1,0.5
595,12727,1,3,0.5
596,12760,0,NaN,NaN
597,12812,1,20,0.2
598,12822,1,5,1
599,12853,1,8.5,1
600,12854,1,0.5,0.1
601,12866,1,1,0.1
602,12874,1,0.5,0.1
603,12879,1,0.5,0.2
604,12950,1,20,0.1
605,12998,1,0.5,0.05
606,13018,1,0.5,0.5
607,13047,1,0.5,0.05
608,13070,1,8.5,0.2
609,13073,1,0.5,0.2
610,13100,1,0.5,0.01
611,13176,1,0.5,0.1
612,13217,1,0.5,0.05
613,13312,1,0.5,0.05
614,13332,0,NaN,NaN
615,13357,0,NaN,NaN
616,13427,0,NaN,NaN
617,13431,1,0.5,0.2
618,13446,1,20,0.5
619,13478,1,0.5,0.1
620,13482,0,NaN,NaN
621,13536,0,NaN,NaN
622,13556,1,0.5,0.5
623,13564,0,NaN,NaN
624,13586,1,0.5,0.2
625,13588,1,1,0.1
626,13646,1,3,0.05
627,13647,1,3,0.2
628,13661,1,3,2
629,13773,0,NaN,NaN
630,13783,1,0.5,0.05
631,13799,1,0.5,0.1
632,13802,0,NaN,NaN
633,13849,1,0.5,0.5
634,13864,1,0.5,0.5
635,13873,1,5,0.5
636,13883,1,0.5,0.2
637,13903,0,NaN,NaN
638,13911,1,1,0.2
639,13941,1,5,1
640,13958,1,0.5,0.01
641,14007,1,1,0.2
642,14009,1,3,0.5
643,14023,1,1,0.05
644,14067,0,NaN,NaN
645,14094,0,NaN,NaN
646,14095,1,1,0.2
647,14151,1,0.5,0.05
648,14160,0,NaN,NaN
649,14161,1,3,0.2
650,14169,1,0.5,0.1
651,14194,0,NaN,NaN
652,14205,1,3,1
653,14212,1,5,0.1
654,14225,1,10,1
655,14293,1,0.5,0.5
656,14309,1,0.5,0.05
657,14317,1,3,0.01
658,14322,1,0.5,0.2
659,14334,1,3,0.1
660,14365,1,0.5,1
661,14367,1,0.5,0.1
662,14435,1,1,0.1
663,14474,0,NaN,NaN
664,14475,0,NaN,NaN
665,14482,1,3,0.05
666,14499,1,0.5,0.5
667,14516,0,NaN,NaN
668,14701,1,0.5,0.2
669,14710,1,20,0.5
670,14751,1,0.5,0.1
671,14811,0,NaN,NaN
672,14844,0,NaN,NaN
673,14860,1,0.5,0.2
674,14867,1,8.5,0.1
675,14887,0,NaN,NaN
676,14920,0,NaN,NaN
677,14936,1,0.5,0.5
678,14946,1,0.5,0.1
679,14977,1,0.5,0.1
680,14990,1,3,1
681,15004,1,5,1
682,15040,1,0.5,2
683,15043,0,NaN,NaN
684,15063,0,NaN,NaN
685,15098,1,3,0.1
686,15100,1,3,0.1
687,15115,1,0.5,0.5
688,15189,1,0.5,0.05
689,15209,1,3,0.1
690,15226,0,NaN,NaN
691,15240,1,3,0.1
692,15261,1,1,0.1
693,15265,1,0.5,0.1
694,15279,0,NaN,NaN
695,15420,0,NaN,NaN
696,15430,1,0.5,0.5
697,15472,1,0.5,1
698,15487,1,3,0.05
699,15534,0,NaN,NaN
700,15545,1,0.5,0.05
701,15552,0,NaN,NaN
702,15580,1,0.5,0.01
703,15588,0,NaN,NaN
704,15590,1,8.5,0.5
705,15592,1,0.5,0.1
706,15603,0,NaN,NaN
707,15610,1,0.5,0.01
708,15625,1,0.5,0.05
709,15638,0,NaN,NaN
710,15640,1,3,0.5
711,15667,1,0.5,0.5
712,15699,0,NaN,NaN
713,15703,1,3,0.1
714,15715,0,NaN,NaN
715,15758,1,1,0.5
716,15795,1,0.5,0.2
717,15819,1,5,0.05
718,15827,1,1,0.2
719,15854,0,NaN,NaN
720,15873,1,0.5,0.05
721,15881,0,NaN,NaN
722,15893,1,0.5,1
723,15979,1,0.5,0.01
724,15980,1,0.5,0.1
725,15989,1,0.5,0.05
726,15992,1,0.5,0.1
727,15993,1,1,0.05
728,16068,1,3,0.05
729,16091,0,NaN,NaN
730,16120,1,0.5,0.5
731,16123,1,3,0.5
732,16170,1,50,0.2
733,16283,1,0.5,0.1
734,16292,1,1,0.5
735,16314,1,3,0.2
736,16323,1,3,1
737,16334,0,NaN,NaN
738,16388,1,0.5,0.05
739,16394,1,0.5,2
740,16408,0,NaN,NaN
741,16409,1,0.5,0.5
742,16449,1,0.5,0.2
743,16470,1,1,0.1
744,16480,1,8.5,1
745,16505,1,1,0.5
746,16506,1,0.5,0.5
747,16515,1,0.5,0.1
748,16537,1,0.5,0.1
749,16608,1,3,0.2
750,16643,0,NaN,NaN
751,16645,1,3,0.05
752,16742,0,NaN,NaN
753,16744,1,3,0.2
754,16745,1,0.5,0.01
755,16823,1,0.5,0.01
756,16824,1,5,0.5
757,16841,1,3,0.5
758,16884,0,NaN,NaN
759,16894,1,100,1
760,16895,1,1,0.1
761,16923,1,0.5,0.5
762,16939,1,0.5,0.1
763,16953,1,3,2
764,16993,1,0.5,0.05
765,17060,1,3,0.05
766,17069,0,NaN,NaN
767,17073,0,NaN,NaN
768,17076,0,NaN,NaN
769,17132,1,5,0.05
770,17160,1,0.5,0.2
771,17166,1,0.5,0.1
772,17169,1,0.5,0.1
773,17173,0,NaN,NaN
774,17174,1,10,2
775,17178,0,NaN,NaN
776,17214,1,3,0.5
777,17234,1,0.5,1
778,17244,1,0.5,0.05
779,17262,1,1,0.05
780,17286,1,0.5,2
781,17287,1,3,0.05
782,17315,1,0.5,0.1
783,17326,1,0.5,2
784,17355,0,NaN,NaN
785,17444,1,0.5,0.1
786,17454,0,NaN,NaN
787,17462,1,3,0.1
788,17509,1,0.5,0.05
789,17517,1,20,0.1
790,17531,1,0.5,0.05
791,17532,1,8.5,0.2
792,17538,1,0.5,0.2
793,17560,1,0.5,0.5
794,17570,1,3,0.1
795,17612,1,5,2
796,17620,1,3,0.2
797,17636,1,20,0.5
798,17637,1,0.5,0.2
799,17649,1,0.5,0.05
800,17663,1,0.5,0.1
801,17737,1,3,0.1
802,17742,1,0.5,0.05
803,17776,1,0.5,0.05
804,17824,0,NaN,NaN
805,17826,1,8.5,0.2
806,17844,1,0.5,0.1
807,17888,0,NaN,NaN
808,17955,1,0.5,0.05
809,17956,1,0.5,0.2
810,18040,1,20,0.5
811,18058,1,1,0.1
812,18060,1,3,0.2
813,18082,1,0.5,0.05
814,18100,1,0.5,0.05
815,18117,1,5,2
816,18147,1,0.5,0.1
817,18152,1,0.5,0.05
818,18161,1,0.5,0.05
819,18172,1,3,0.2
820,18184,1,0.5,0.05
821,18197,1,3,0.5
822,18222,0,NaN,NaN
823,18240,0,NaN,NaN
824,18243,0,NaN,NaN
825,18251,1,10,0.5
826,18286,1,0.5,0.01
827,18299,1,0.5,0.2
828,18366,0,NaN,NaN
829,18378,0,NaN,NaN
830,18387,1,0.5,0.2
831,18395,1,0.5,0.2
832,18399,0,NaN,NaN
833,18428,1,8.5,0.5
834,18430,0,NaN,NaN
835,18435,1,0.5,0.05
836,18446,1,0.5,0.2
837,18447,1,0.5,0.1
838,18450,1,20,0.2
839,18480,1,0.5,0.05
840,18484,0,NaN,NaN
841,18485,1,10,0.5
842,18494,1,0.5,0.05
843,18518,1,0.5,0.01
844,18556,0,NaN,NaN
845,18578,1,0.5,0.1
846,18628,1,3,0.5
847,18632,1,5,0.1
848,18641,1,8.5,0.1
849,18690,1,3,0.1
850,18757,1,0.5,0.2
851,18775,1,8.5,0.1
852,18790,1,0.5,0.05
853,18806,1,0.5,0.1
854,18807,1,1,0.2
855,18832,1,20,0.5
856,18854,0,NaN,NaN
857,18905,0,NaN,NaN
858,18916,1,1,2
859,18970,1,0.5,0.05
860,18973,0,NaN,NaN
861,18980,1,1,0.2
862,19014,1,200,0.5
863,19036,0,NaN,NaN
864,19043,1,0.5,0.05
865,19098,1,0.5,0.05
866,19128,1,0.5,0.05
867,19140,0,NaN,NaN
868,19144,1,1,0.1
869,19167,1,0.5,0.2
870,19244,0,NaN,NaN
871,19248,0,NaN,NaN
872,19297,1,0.5,0.2
873,19333,1,0.5,0.1
874,19347,1,0.5,0.1
875,19356,1,0.5,0.2
876,19390,1,0.5,0.1
877,19406,1,1,0.2
878,19456,1,0.5,0.05
879,19476,1,0.5,0.1
880,19485,1,5,0.5
881,19489,1,0.5,0.1
882,19528,1,0.5,0.05
883,19534,1,0.5,0.1
884,19549,0,NaN,NaN
885,19571,1,0.5,0.05
886,19582,1,0.5,0.1
887,19592,0,NaN,NaN
888,19617,1,0.5,0.1
889,19633,0,NaN,NaN
890,19639,0,NaN,NaN
891,19686,1,0.5,0.05
892,19700,1,1,0.2
893,19791,1,0.5,1
894,19795,1,0.5,0.1
895,19851,0,NaN,NaN
896,19868,1,50,0.2
897,19877,1,500,1
898,19924,1,1,0.05
899,19953,1,0.5,0.2
900,19982,1,1,0.5
901,19983,1,0.5,0.2
902,19985,1,0.5,0.1
903,20006,0,NaN,NaN
904,20056,0,NaN,NaN
905,20084,1,0.5,0.1
906,20114,1,5,0.2
907,20118,1,3,0.5
908,20157,1,3,0.2
909,20174,1,0.5,0.2
910,20201,1,3,0.1
911,20205,1,0.5,0.05
912,20236,1,1,0.1
913,20261,1,0.5,0.1
914,20285,1,1,0.05
915,20374,1,1,0.2
916,20427,0,NaN,NaN
917,20428,1,0.5,0.1
918,20456,0,NaN,NaN
919,20469,0,NaN,NaN
920,20480,0,NaN,NaN
921,20497,1,0.5,0.2
922,20515,0,NaN,NaN
923,20521,1,0.5,0.01
924,20547,1,0.5,0.2
925,20551,1,5,0.5
926,20554,0,NaN,NaN
927,20561,1,0.5,0.05
928,20562,1,10,0.5
929,20619,1,0.5,0.5
930,20628,1,1,1
931,20632,1,0.5,0.01
932,20642,1,8.5,0.5
933,20644,1,10,1
934,20678,1,0.5,0.05
935,20680,0,NaN,NaN
936,20686,1,0.5,0.01
937,20776,1,3,1
938,20785,1,3,0.1
939,20789,1,0.5,0.5
940,20799,1,0.5,2
941,20833,1,0.5,0.05
942,20841,0,NaN,NaN
943,20845,1,0.5,0.05
944,20861,0,NaN,NaN
945,20863,1,3,0.5
946,20877,1,0.5,0.1
947,20879,1,0.5,0.05
948,20886,1,100,0.5
949,20983,0,NaN,NaN
950,20992,1,3,0.05
951,21026,1,0.5,0.2
952,21057,1,1,0.5
953,21117,1,5,1
954,21125,0,NaN,NaN
955,21137,1,0.5,0.05
956,21144,1,0.5,0.05
957,21169,0,NaN,NaN
958,21215,1,5,0.1
959,21244,0,NaN,NaN
960,21257,1,1,0.2
961,21262,1,8.5,0.1
962,21264,1,0.5,1
963,21352,1,3,0.1
964,21353,1,1,0.5
965,21386,0,NaN,NaN
966,21399,1,3,0.2
967,21421,0,NaN,NaN
968,21434,1,5,0.5
969,21460,1,5,0.5
970,21471,1,0.5,0.05
971,21506,1,0.5,0.05
972,21590,1,0.5,0.1
973,21608,1,0.5,0.2
974,21644,1,3,0.5
975,21655,1,0.5,0.05
976,21683,1,1,0.5
977,21691,1,0.5,0.01
978,21705,1,0.5,0.05
979,21709,1,0.5,0.01
980,21737,0,NaN,NaN
981,21764,1,3,0.2
982,21771,1,0.5,0.05
983,21815,1,8.5,0.2
984,21818,1,5,0.5
985,21827,1,3,0.05
986,21838,1,0.5,0.5
987,21841,1,0.5,0.05
988,21891,1,0.5,0.01
989,21921,1,0.5,0.1
990,21964,1,3,2
991,22059,1,20,0.5
992,22066,0,NaN,NaN
993,22073,1,0.5,0.1
994,22091,1,0.5,0.05
995,22120,1,0.5,0.01
996,22135,1,0.5,0.05
997,22138,0,NaN,NaN
998,22156,1,0.5,0.2
999,22232,1,0.5,0.05
1000,22235,0,NaN,NaN
